,shotnr,tdiv_mean,useful
640,28923,-32.2,useful
641,28924,-30.8,useful
637,28919,-27.9,useful
638,28920,-20.2,useful
639,28922,-19.0,useful
635,28916,-16.8,useful
669,28970,-16.8,useful
809,29220,-16.5,useful
659,28959,-15.8,useful
663,28964,-14.6,useful
668,28969,-12.9,useful
660,28960,-12.7,useful
678,28987,-12.6,useful
808,29219,-11.5,useful
662,28963,-11.2,useful
642,28925,-9.9,useful
2325,31433,-9.9,useful
679,28988,-9.3,useful
30,28045,-8.8,useful
332,28446,-8.3,useful
807,29218,-8.3,useful
40,28056,-7.4,useful
331,28445,-5.9,useful
324,28432,-5.3,useful
325,28433,-4.0,useful
673,28974,-4.0,useful
651,28946,-3.9,useful
1553,30307,-3.2,useful
2289,31380,-3.0,useful
1664,30490,-2.7,useful
348,28467,-2.6,useful
653,28948,-2.6,useful
350,28469,-2.5,useful
819,29230,-2.1,useful
2323,31431,-2.1,useful
349,28468,-2.1,useful
2078,31054,-2.0,useful
654,28949,-2.0,useful
339,28457,-1.7,useful
806,29217,-1.7,useful
329,28437,-1.6,useful
3017,33664,-1.6,useful
2003,30954,-1.5,useful
330,28444,-1.5,useful
2287,31378,-1.5,useful
170,28225,-1.5,useful
1629,30433,-1.4,useful
2396,31530,-1.4,useful
315,28420,-1.4,useful
476,28710,-1.4,useful
1038,29556,-1.4,useful
1634,30438,-1.4,useful
345,28464,-1.4,useful
158,28213,-1.4,useful
1573,30337,-1.4,useful
149,28203,-1.3,useful
805,29216,-1.3,useful
323,28431,-1.3,useful
1349,29925,-1.3,useful
317,28422,-1.3,useful
643,28930,-1.3,useful
342,28460,-1.3,useful
1790,30655,-1.3,useful
333,28447,-1.3,useful
1591,30377,-1.2,useful
2058,31028,-1.2,useful
1149,29686,-1.2,useful
320,28427,-1.2,useful
341,28459,-1.2,useful
321,28428,-1.2,useful
340,28458,-1.2,useful
2050,31020,-1.2,useful
1133,29669,-1.2,useful
336,28450,-1.2,useful
2531,31689,-1.2,useful
334,28448,-1.2,useful
2083,31086,-1.2,useful
343,28461,-1.2,useful
338,28456,-1.2,useful
319,28426,-1.2,useful
2635,31983,-1.2,useful
1033,29551,-1.2,useful
1710,30555,-1.2,useful
1714,30559,-1.2,useful
1172,29716,-1.2,useful
2511,31668,-1.2,useful
2294,31385,-1.2,useful
168,28223,-1.2,useful
3541,34684,-1.2,useful
1527,30277,-1.2,useful
2307,31413,-1.2,useful
1649,30471,-1.2,useful
1622,30418,-1.1,useful
2842,32820,-1.1,useful
214,28275,-1.1,useful
1526,30276,-1.1,useful
344,28463,-1.1,useful
1703,30547,-1.1,useful
2011,30962,-1.1,useful
347,28466,-1.1,useful
2553,31728,-1.1,useful
2519,31676,-1.1,useful
1694,30534,-1.1,useful
2217,31275,-1.1,useful
2435,31576,-1.1,useful
2617,31962,-1.1,useful
365,28522,-1.1,useful
1667,30494,-1.1,useful
1555,30309,-1.1,useful
346,28465,-1.1,useful
1670,30498,-1.1,useful
255,28331,-1.1,useful
1194,29741,-1.1,useful
230,28294,-1.1,useful
652,28947,-1.1,useful
2795,32241,-1.1,useful
2038,31001,-1.1,useful
318,28425,-1.1,useful
246,28318,-1.1,useful
254,28330,-1.1,useful
2353,31466,-1.1,useful
2201,31254,-1.1,useful
109,28138,-1.1,useful
290,28379,-1.1,useful
2055,31025,-1.1,useful
1190,29737,-1.0,useful
2176,31225,-1.0,useful
155,28209,-1.0,useful
2170,31213,-1.0,useful
1131,29667,-1.0,useful
2184,31233,-1.0,useful
2500,31656,-1.0,useful
132,28170,-1.0,useful
2139,31150,-1.0,useful
2713,32111,-1.0,useful
134,28172,-1.0,useful
2128,31138,-1.0,useful
2727,32126,-1.0,useful
2517,31674,-1.0,useful
121,28153,-1.0,useful
2097,31102,-1.0,useful
2093,31097,-1.0,useful
2086,31089,-1.0,useful
2356,31469,-1.0,useful
2075,31050,-1.0,useful
138,28176,-1.0,useful
131,28169,-1.0,useful
2441,31583,-1.0,useful
2189,31239,-1.0,useful
245,28317,-1.0,useful
328,28436,-1.0,useful
2219,31277,-1.0,useful
1759,30617,-1.0,useful
1754,30611,-1.0,useful
2255,31329,-1.0,useful
2488,31643,-1.0,useful
259,28335,-1.0,useful
285,28374,-1.0,useful
313,28405,-1.0,useful
1551,30305,-1.0,useful
1618,30414,-1.0,useful
2231,31292,-1.0,useful
1736,30586,-1.0,useful
283,28372,-1.0,useful
2639,31987,-1.0,useful
1071,29597,-1.0,useful
206,28267,-1.0,useful
2032,30993,-1.0,useful
1687,30527,-1.0,useful
2203,31256,-1.0,useful
2204,31257,-1.0,useful
177,28233,-1.0,useful
2206,31259,-1.0,useful
2275,31362,-1.0,useful
1073,29599,-1.0,useful
1596,30383,-1.0,useful
2283,31373,-1.0,useful
2483,31638,-1.0,useful
2216,31274,-1.0,useful
1702,30546,-1.0,useful
1254,29812,-1.0,useful
1151,29691,-0.9,useful
1543,30297,-0.9,useful
1150,29687,-0.9,useful
2520,31677,-0.9,useful
1914,30822,-0.9,useful
1550,30304,-0.9,useful
1537,30290,-0.9,useful
2342,31454,-0.9,useful
1880,30781,-0.9,useful
2537,31699,-0.9,useful
1700,30544,-0.9,useful
1039,29557,-0.9,useful
1682,30515,-0.9,useful
1680,30511,-0.9,useful
1676,30506,-0.9,useful
1711,30556,-0.9,useful
1671,30499,-0.9,useful
1022,29528,-0.9,useful
2571,31747,-0.9,useful
1661,30485,-0.9,useful
2370,31495,-0.9,useful
2388,31517,-0.9,useful
2380,31508,-0.9,useful
1029,29535,-0.9,useful
1712,30557,-0.9,useful
1052,29577,-0.9,useful
1053,29578,-0.9,useful
1868,30769,-0.9,useful
1854,30745,-0.9,useful
1132,29668,-0.9,useful
1556,30310,-0.9,useful
1567,30330,-0.9,useful
2526,31684,-0.9,useful
1822,30690,-0.9,useful
2412,31548,-0.9,useful
1771,30632,-0.9,useful
1072,29598,-0.9,useful
1761,30619,-0.9,useful
1746,30598,-0.9,useful
1744,30596,-0.9,useful
1740,30591,-0.9,useful
1734,30584,-0.9,useful
1886,30790,-0.9,useful
1987,30936,-0.9,useful
2382,31511,-0.9,useful
2056,31026,-0.9,useful
2212,31266,-0.9,useful
366,28523,-0.9,useful
186,28243,-0.9,useful
998,29492,-0.9,useful
2274,31361,-0.9,useful
2130,31140,-0.9,useful
2037,31000,-0.9,useful
1401,29989,-0.9,useful
2491,31647,-0.9,useful
2210,31263,-0.9,useful
2052,31022,-0.9,useful
2124,31134,-0.9,useful
2057,31027,-0.9,useful
1329,29898,-0.9,useful
235,28299,-0.9,useful
2087,31090,-0.9,useful
487,28722,-0.9,useful
257,28333,-0.9,useful
2249,31317,-0.9,useful
1348,29924,-0.9,useful
322,28429,-0.9,useful
175,28231,-0.9,useful
178,28234,-0.9,useful
1399,29987,-0.9,useful
2199,31252,-0.9,useful
57,28076,-0.9,useful
1213,29761,-0.9,useful
2202,31255,-0.9,useful
1523,30271,-0.9,useful
2497,31653,-0.9,useful
69,28089,-0.9,useful
2296,31387,-0.9,useful
2457,31607,-0.9,useful
173,28229,-0.9,useful
150,28204,-0.9,useful
2186,31235,-0.9,useful
2171,31216,-0.9,useful
2208,31261,-0.9,useful
2288,31379,-0.9,useful
2207,31260,-0.9,useful
2235,31296,-0.9,useful
1594,30381,-0.8,useful
2218,31276,-0.8,useful
1800,30666,-0.8,useful
2529,31687,-0.8,useful
1758,30616,-0.8,useful
312,28404,-0.8,useful
2436,31577,-0.8,useful
310,28402,-0.8,useful
2437,31578,-0.8,useful
2484,31639,-0.8,useful
1823,30691,-0.8,useful
2528,31686,-0.8,useful
1819,30687,-0.8,useful
1757,30615,-0.8,useful
1535,30288,-0.8,useful
2256,31333,-0.8,useful
2315,31423,-0.8,useful
1644,30466,-0.8,useful
1652,30474,-0.8,useful
961,29421,-0.8,useful
108,28137,-0.8,useful
135,28173,-0.8,useful
141,28179,-0.8,useful
152,28206,-0.8,useful
925,29378,-0.8,useful
1034,29552,-0.8,useful
2286,31377,-0.8,useful
1679,30510,-0.8,useful
1730,30578,-0.8,useful
1688,30528,-0.8,useful
897,29347,-0.8,useful
2282,31372,-0.8,useful
185,28242,-0.8,useful
1701,30545,-0.8,useful
1363,29942,-0.8,useful
195,28252,-0.8,useful
2273,31360,-0.8,useful
1199,29746,-0.8,useful
2824,32497,-0.8,useful
229,28293,-0.8,useful
241,28313,-0.8,useful
1718,30565,-0.8,useful
1691,30531,-0.8,useful
1574,30339,-0.8,useful
2416,31553,-0.8,useful
2200,31253,-0.8,useful
2062,31032,-0.8,useful
1883,30787,-0.8,useful
2061,31031,-0.8,useful
1885,30789,-0.8,useful
2527,31685,-0.8,useful
1887,30791,-0.8,useful
1257,29815,-0.8,useful
2027,30984,-0.8,useful
2677,32049,-0.8,useful
1490,30209,-0.8,useful
1910,30817,-0.8,useful
1160,29701,-0.8,useful
1514,30256,-0.8,useful
2016,30967,-0.8,useful
1244,29799,-0.8,useful
1917,30826,-0.8,useful
2618,31963,-0.8,useful
1986,30935,-0.8,useful
2510,31667,-0.8,useful
1974,30923,-0.8,useful
1961,30909,-0.8,useful
2636,31984,-0.8,useful
1958,30906,-0.8,useful
1470,30175,-0.8,useful
1957,30905,-0.8,useful
2355,31468,-0.8,useful
2006,30957,-0.8,useful
2357,31470,-0.8,useful
2008,30959,-0.8,useful
1516,30258,-0.8,useful
1171,29715,-0.8,useful
2493,31649,-0.8,useful
2063,31034,-0.8,useful
2024,30979,-0.8,useful
1279,29839,-0.8,useful
1301,29865,-0.8,useful
2362,31475,-0.8,useful
2126,31136,-0.8,useful
1861,30762,-0.8,useful
2116,31125,-0.8,useful
1864,30765,-0.8,useful
1869,30770,-0.8,useful
2066,31040,-0.8,useful
2146,31160,-0.8,useful
656,28952,-0.8,useful
2181,31230,-0.8,useful
1105,29635,-0.8,useful
2138,31149,-0.8,useful
2525,31683,-0.7,useful
1228,29780,-0.7,useful
1459,30117,-0.7,useful
1284,29844,-0.7,useful
2524,31682,-0.7,useful
1467,30163,-0.7,useful
1111,29644,-0.7,useful
1393,29980,-0.7,useful
1457,30063,-0.7,useful
1019,29525,-0.7,useful
1638,30442,-0.7,useful
1095,29624,-0.7,useful
2496,31652,-0.7,useful
1110,29643,-0.7,useful
1109,29642,-0.7,useful
1536,30289,-0.7,useful
1376,29960,-0.7,useful
1379,29963,-0.7,useful
1036,29554,-0.7,useful
1544,30298,-0.7,useful
1145,29681,-0.7,useful
2443,31587,-0.7,useful
1148,29684,-0.7,useful
1335,29909,-0.7,useful
1334,29907,-0.7,useful
1408,30000,-0.7,useful
1463,30124,-0.7,useful
1256,29814,-0.7,useful
2532,31690,-0.7,useful
1489,30208,-0.7,useful
2343,31455,-0.7,useful
2547,31722,-0.7,useful
1159,29700,-0.7,useful
1400,29988,-0.7,useful
1324,29893,-0.7,useful
1436,30038,-0.7,useful
1549,30303,-0.7,useful
1340,29914,-0.7,useful
1272,29831,-0.7,useful
1277,29837,-0.7,useful
1405,29995,-0.7,useful
1879,30780,-0.7,useful
1390,29976,-0.7,useful
594,28868,-0.7,useful
1927,30837,-0.7,useful
1926,30836,-0.7,useful
1923,30833,-0.7,useful
1918,30827,-0.7,useful
610,28887,-0.7,useful
2613,31956,-0.7,useful
1899,30804,-0.7,useful
1897,30802,-0.7,useful
1954,30902,-0.7,useful
1896,30801,-0.7,useful
337,28452,-0.7,useful
2224,31282,-0.7,useful
2352,31465,-0.7,useful
658,28954,-0.7,useful
661,28962,-0.7,useful
1867,30768,-0.7,useful
2686,32058,-0.7,useful
1853,30743,-0.7,useful
2233,31294,-0.7,useful
1895,30800,-0.7,useful
1008,29509,-0.7,useful
1962,30910,-0.7,useful
362,28519,-0.7,useful
2049,31019,-0.7,useful
2039,31003,-0.7,useful
2029,30989,-0.7,useful
2717,32115,-0.7,useful
2650,31999,-0.7,useful
2018,30972,-0.7,useful
408,28588,-0.7,useful
2728,32127,-0.7,useful
2007,30958,-0.7,useful
2001,30952,-0.7,useful
403,28582,-0.7,useful
1999,30950,-0.7,useful
2205,31258,-0.7,useful
1992,30941,-0.7,useful
1990,30939,-0.7,useful
2209,31262,-0.7,useful
381,28557,-0.7,useful
1985,30934,-0.7,useful
2211,31264,-0.7,useful
1977,30926,-0.7,useful
1969,30917,-0.7,useful
291,28381,-0.7,useful
289,28378,-0.7,useful
672,28973,-0.7,useful
1735,30585,-0.7,useful
1741,30592,-0.7,useful
1844,30730,-0.7,useful
1733,30583,-0.7,useful
1713,30558,-0.7,useful
839,29265,-0.7,useful
2578,31755,-0.7,useful
880,29325,-0.7,useful
1693,30533,-0.7,useful
896,29345,-0.7,useful
166,28221,-0.7,useful
110,28140,-0.7,useful
926,29379,-0.7,useful
1669,30496,-0.7,useful
107,28134,-0.7,useful
938,29395,-0.7,useful
942,29399,-0.7,useful
2570,31746,-0.7,useful
2295,31386,-0.7,useful
972,29434,-0.7,useful
979,29462,-0.7,useful
2363,31476,-0.7,useful
2580,31765,-0.7,useful
2697,32092,-0.7,useful
2796,32242,-0.7,useful
2774,32207,-0.7,useful
703,29053,-0.7,useful
1824,30692,-0.7,useful
2285,31376,-0.7,useful
2604,31929,-0.7,useful
2771,32204,-0.7,useful
1818,30686,-0.7,useful
1836,30719,-0.7,useful
2826,32505,-0.7,useful
735,29100,-0.7,useful
681,28990,-0.7,useful
1799,30665,-0.7,useful
740,29108,-0.7,useful
1791,30656,-0.7,useful
1764,30622,-0.7,useful
2109,31116,-0.6,useful
2147,31161,-0.6,useful
2154,31170,-0.6,useful
1428,30030,-0.6,useful
2158,31200,-0.6,useful
2278,31368,-0.6,useful
2452,31599,-0.6,useful
2221,31279,-0.6,useful
1394,29981,-0.6,useful
1458,30112,-0.6,useful
2262,31342,-0.6,useful
1454,30060,-0.6,useful
1439,30041,-0.6,useful
2290,31381,-0.6,useful
2345,31457,-0.6,useful
2240,31305,-0.6,useful
1646,30468,-0.6,useful
2028,30985,-0.6,useful
1841,30727,-0.6,useful
1837,30720,-0.6,useful
1832,30714,-0.6,useful
1831,30701,-0.6,useful
1830,30700,-0.6,useful
1825,30693,-0.6,useful
1821,30689,-0.6,useful
1820,30688,-0.6,useful
1817,30685,-0.6,useful
1762,30620,-0.6,useful
1607,30398,-0.6,useful
2398,31532,-0.6,useful
1717,30564,-0.6,useful
1692,30532,-0.6,useful
1686,30526,-0.6,useful
1635,30439,-0.6,useful
1658,30482,-0.6,useful
2419,31556,-0.6,useful
1476,30183,-0.6,useful
1845,30731,-0.6,useful
1876,30777,-0.6,useful
1477,30184,-0.6,useful
1482,30195,-0.6,useful
2025,30980,-0.6,useful
2015,30966,-0.6,useful
2014,30965,-0.6,useful
2000,30951,-0.6,useful
1997,30948,-0.6,useful
1994,30945,-0.6,useful
1991,30940,-0.6,useful
1989,30938,-0.6,useful
1988,30937,-0.6,useful
1984,30933,-0.6,useful
1968,30916,-0.6,useful
1913,30821,-0.6,useful
1894,30799,-0.6,useful
1884,30788,-0.6,useful
1391,29977,-0.6,useful
1851,30740,-0.6,useful
1956,30904,-0.6,useful
1152,29692,-0.6,useful
1384,29968,-0.6,useful
997,29491,-0.6,useful
999,29493,-0.6,useful
1013,29516,-0.6,useful
1030,29536,-0.6,useful
2533,31692,-0.6,useful
529,28777,-0.6,useful
1057,29582,-0.6,useful
1082,29608,-0.6,useful
508,28749,-0.6,useful
2568,31744,-0.6,useful
1104,29634,-0.6,useful
490,28726,-0.6,useful
477,28711,-0.6,useful
1178,29723,-0.6,useful
2707,32103,-0.6,useful
1198,29745,-0.6,useful
447,28664,-0.6,useful
2712,32110,-0.6,useful
1245,29800,-0.6,useful
1251,29809,-0.6,useful
1120,29654,-0.6,useful
439,28656,-0.6,useful
973,29435,-0.6,useful
554,28811,-0.6,useful
2607,31932,-0.6,useful
664,28965,-0.6,useful
2602,31925,-0.6,useful
749,29118,-0.6,useful
655,28951,-0.6,useful
650,28945,-0.6,useful
633,28914,-0.6,useful
2612,31955,-0.6,useful
790,29196,-0.6,useful
553,28810,-0.6,useful
625,28903,-0.6,useful
606,28883,-0.6,useful
2579,31758,-0.6,useful
822,29244,-0.6,useful
871,29315,-0.6,useful
873,29317,-0.6,useful
911,29361,-0.6,useful
923,29375,-0.6,useful
2637,31985,-0.6,useful
555,28812,-0.6,useful
607,28884,-0.6,useful
437,28653,-0.6,useful
523,28770,-0.6,useful
392,28568,-0.6,useful
3201,34267,-0.6,useful
387,28563,-0.6,useful
398,28574,-0.6,useful
2840,32814,-0.6,useful
399,28575,-0.6,useful
1323,29892,-0.6,useful
1332,29905,-0.6,useful
2747,32174,-0.6,useful
400,28576,-0.6,useful
382,28558,-0.6,useful
401,28577,-0.6,useful
56,28074,-0.6,useful
2749,32176,-0.6,useful
163,28218,-0.6,useful
1337,29911,-0.6,useful
1371,29953,-0.6,useful
385,28561,-0.6,useful
1263,29821,-0.6,useful
316,28421,-0.6,useful
1306,29870,-0.6,useful
1303,29867,-0.6,useful
2716,32114,-0.6,useful
2773,32206,-0.6,useful
622,28900,-0.5,useful
3180,34228,-0.5,useful
2850,32828,-0.5,useful
1922,30832,-0.5,useful
1960,30908,-0.5,useful
2633,31981,-0.5,useful
220,28282,-0.5,useful
2797,32243,-0.5,useful
583,28853,-0.5,useful
1955,30903,-0.5,useful
585,28855,-0.5,useful
1947,30894,-0.5,useful
1928,30838,-0.5,useful
581,28851,-0.5,useful
582,28852,-0.5,useful
428,28636,-0.5,useful
1903,30810,-0.5,useful
706,29056,-0.5,useful
704,29054,-0.5,useful
702,29052,-0.5,useful
671,28972,-0.5,useful
670,28971,-0.5,useful
667,28968,-0.5,useful
1862,30763,-0.5,useful
1863,30764,-0.5,useful
1865,30766,-0.5,useful
1386,29970,-0.5,useful
25,28040,-0.5,useful
26,28041,-0.5,useful
47,28065,-0.5,useful
657,28953,-0.5,useful
1871,30772,-0.5,useful
104,28131,-0.5,useful
649,28944,-0.5,useful
646,28941,-0.5,useful
644,28933,-0.5,useful
634,28915,-0.5,useful
130,28167,-0.5,useful
572,28831,-0.5,useful
632,28913,-0.5,useful
151,28205,-0.5,useful
570,28829,-0.5,useful
288,28377,-0.5,useful
568,28825,-0.5,useful
2031,30991,-0.5,useful
502,28742,-0.5,useful
501,28741,-0.5,useful
499,28739,-0.5,useful
2051,31021,-0.5,useful
2054,31024,-0.5,useful
493,28729,-0.5,useful
2723,32121,-0.5,useful
488,28724,-0.5,useful
507,28748,-0.5,useful
412,28592,-0.5,useful
2164,31206,-0.5,useful
449,28666,-0.5,useful
2161,31203,-0.5,useful
2708,32104,-0.5,useful
2102,31109,-0.5,useful
2160,31202,-0.5,useful
2718,32116,-0.5,useful
440,28657,-0.5,useful
2156,31198,-0.5,useful
2064,31035,-0.5,useful
509,28750,-0.5,useful
522,28769,-0.5,useful
1828,30696,-0.5,useful
1970,30918,-0.5,useful
1973,30922,-0.5,useful
567,28824,-0.5,useful
1975,30924,-0.5,useful
2763,32194,-0.5,useful
1976,30925,-0.5,useful
421,28603,-0.5,useful
1978,30927,-0.5,useful
1979,30928,-0.5,useful
559,28816,-0.5,useful
556,28813,-0.5,useful
2759,32190,-0.5,useful
1995,30946,-0.5,useful
384,28560,-0.5,useful
550,28806,-0.5,useful
1998,30949,-0.5,useful
548,28804,-0.5,useful
2640,31988,-0.5,useful
543,28797,-0.5,useful
542,28796,-0.5,useful
386,28562,-0.5,useful
569,28828,-0.5,useful
1826,30694,-0.5,useful
1866,30767,-0.5,useful
1653,30475,-0.5,useful
933,29386,-0.5,useful
932,29385,-0.5,useful
931,29384,-0.5,useful
930,29383,-0.5,useful
912,29362,-0.5,useful
910,29360,-0.5,useful
909,29359,-0.5,useful
901,29351,-0.5,useful
1444,30049,-0.5,useful
945,29402,-0.5,useful
899,29349,-0.5,useful
1443,30045,-0.5,useful
1162,29703,-0.5,useful
872,29316,-0.5,useful
1704,30548,-0.5,useful
851,29287,-0.5,useful
1440,30042,-0.5,useful
821,29243,-0.5,useful
1434,30036,-0.5,useful
1720,30567,-0.5,useful
898,29348,-0.5,useful
800,29210,-0.5,useful
959,29419,-0.5,useful
1453,30059,-0.5,useful
2428,31566,-0.5,useful
2521,31679,-0.5,useful
1167,29711,-0.5,useful
1204,29751,-0.5,useful
1096,29625,-0.5,useful
1214,29762,-0.5,useful
1089,29618,-0.5,useful
1242,29797,-0.5,useful
1247,29802,-0.5,useful
968,29430,-0.5,useful
1252,29810,-0.5,useful
1262,29820,-0.5,useful
1043,29562,-0.5,useful
1460,30120,-0.5,useful
2490,31646,-0.5,useful
1302,29866,-0.5,useful
1637,30441,-0.5,useful
1018,29524,-0.5,useful
1017,29523,-0.5,useful
1010,29511,-0.5,useful
1055,29580,-0.5,useful
793,29199,-0.5,useful
1153,29693,-0.5,useful
791,29197,-0.5,useful
1427,30028,-0.5,useful
737,29102,-0.5,useful
741,29109,-0.5,useful
1338,29912,-0.5,useful
1362,29941,-0.5,useful
1407,29998,-0.5,useful
725,29083,-0.5,useful
734,29099,-0.5,useful
722,29080,-0.5,useful
1760,30618,-0.5,useful
1429,30031,-0.5,useful
1430,30032,-0.5,useful
1811,30677,-0.5,useful
1426,30027,-0.5,useful
770,29173,-0.5,useful
792,29198,-0.5,useful
771,29174,-0.5,useful
1368,29947,-0.5,useful
1425,30026,-0.5,useful
1423,30024,-0.5,useful
1373,29957,-0.5,useful
778,29183,-0.5,useful
1378,29962,-0.5,useful
1414,30006,-0.5,useful
780,29185,-0.5,useful
1361,29940,-0.5,useful
427,28635,-0.4,useful
1356,29934,-0.4,useful
159,28214,-0.4,useful
1253,29811,-0.4,useful
1255,29813,-0.4,useful
444,28661,-0.4,useful
443,28660,-0.4,useful
1410,30002,-0.4,useful
2104,31111,-0.4,useful
87,28114,-0.4,useful
445,28662,-0.4,useful
2502,31658,-0.4,useful
1201,29748,-0.4,useful
1191,29738,-0.4,useful
451,28668,-0.4,useful
2703,32098,-0.4,useful
1372,29956,-0.4,useful
1163,29706,-0.4,useful
441,28658,-0.4,useful
1271,29830,-0.4,useful
2777,32213,-0.4,useful
2157,31199,-0.4,useful
1433,30035,-0.4,useful
380,28556,-0.4,useful
1437,30039,-0.4,useful
1438,30040,-0.4,useful
1318,29887,-0.4,useful
379,28555,-0.4,useful
1441,30043,-0.4,useful
1336,29910,-0.4,useful
2754,32181,-0.4,useful
397,28573,-0.4,useful
335,28449,-0.4,useful
2757,32184,-0.4,useful
1448,30054,-0.4,useful
2745,32172,-0.4,useful
308,28400,-0.4,useful
2761,32192,-0.4,useful
301,28393,-0.4,useful
2724,32122,-0.4,useful
2486,31641,-0.4,useful
410,28590,-0.4,useful
256,28332,-0.4,useful
411,28591,-0.4,useful
2166,31208,-0.4,useful
1455,30061,-0.4,useful
2830,32550,-0.4,useful
1424,30025,-0.4,useful
2472,31626,-0.4,useful
1461,30122,-0.4,useful
1315,29884,-0.4,useful
712,29069,-0.4,useful
491,28727,-0.4,useful
1870,30771,-0.4,useful
2601,31922,-0.4,useful
2597,31917,-0.4,useful
2584,31857,-0.4,useful
648,28943,-0.4,useful
647,28942,-0.4,useful
645,28936,-0.4,useful
636,28917,-0.4,useful
773,29177,-0.4,useful
777,29182,-0.4,useful
631,28912,-0.4,useful
779,29184,-0.4,useful
2619,31966,-0.4,useful
597,28871,-0.4,useful
823,29245,-0.4,useful
596,28870,-0.4,useful
2682,32054,-0.4,useful
744,29112,-0.4,useful
1796,30661,-0.4,useful
1797,30662,-0.4,useful
666,28967,-0.4,useful
711,29068,-0.4,useful
720,29078,-0.4,useful
1827,30695,-0.4,useful
721,29079,-0.4,useful
710,29067,-0.4,useful
1834,30717,-0.4,useful
732,29096,-0.4,useful
701,29051,-0.4,useful
837,29261,-0.4,useful
680,28989,-0.4,useful
676,28984,-0.4,useful
1850,30739,-0.4,useful
675,28982,-0.4,useful
1852,30742,-0.4,useful
674,28975,-0.4,useful
733,29098,-0.4,useful
1815,30683,-0.4,useful
1814,30682,-0.4,useful
677,28985,-0.4,useful
881,29326,-0.4,useful
824,29247,-0.4,useful
885,29333,-0.4,useful
2647,31996,-0.4,useful
524,28771,-0.4,useful
1056,29581,-0.4,useful
1064,29589,-0.4,useful
713,29070,-0.4,useful
511,28752,-0.4,useful
1093,29622,-0.4,useful
1094,29623,-0.4,useful
1097,29626,-0.4,useful
1118,29652,-0.4,useful
500,28740,-0.4,useful
1128,29663,-0.4,useful
498,28738,-0.4,useful
497,28736,-0.4,useful
1143,29679,-0.4,useful
495,28732,-0.4,useful
492,28728,-0.4,useful
2572,31748,-0.4,useful
527,28775,-0.4,useful
2013,30964,-0.4,useful
552,28809,-0.4,useful
900,29350,-0.4,useful
1971,30919,-0.4,useful
902,29352,-0.4,useful
566,28823,-0.4,useful
563,28820,-0.4,useful
557,28814,-0.4,useful
963,29425,-0.4,useful
539,28791,-0.4,useful
551,28807,-0.4,useful
513,28754,-0.4,useful
549,28805,-0.4,useful
547,28803,-0.4,useful
1636,30440,-0.4,useful
2002,30953,-0.4,useful
544,28798,-0.4,useful
2004,30955,-0.4,useful
2555,31730,-0.4,useful
3145,34100,-0.3,useful
3531,34672,-0.3,useful
2726,32125,-0.3,useful
2704,32099,-0.3,useful
2762,32193,-0.3,useful
3186,34234,-0.3,useful
2641,31989,-0.3,useful
5,28007,-0.3,useful
665,28966,-0.3,useful
1032,29550,-0.3,useful
105,28132,-0.3,useful
1040,29558,-0.3,useful
1044,29563,-0.3,useful
416,28596,-0.3,useful
415,28595,-0.3,useful
409,28589,-0.3,useful
1090,29619,-0.3,useful
1103,29633,-0.3,useful
1108,29641,-0.3,useful
406,28586,-0.3,useful
1124,29659,-0.3,useful
405,28585,-0.3,useful
526,28773,-0.3,useful
1176,29720,-0.3,useful
8,28010,-0.3,useful
429,28641,-0.3,useful
956,29415,-0.3,useful
442,28659,-0.3,useful
546,28802,-0.3,useful
558,28815,-0.3,useful
510,28751,-0.3,useful
573,28832,-0.3,useful
584,28854,-0.3,useful
598,28872,-0.3,useful
599,28873,-0.3,useful
1192,29739,-0.3,useful
473,28698,-0.3,useful
723,29081,-0.3,useful
742,29110,-0.3,useful
758,29157,-0.3,useful
759,29158,-0.3,useful
452,28670,-0.3,useful
772,29175,-0.3,useful
446,28663,-0.3,useful
621,28899,-0.3,useful
404,28584,-0.3,useful
1175,29719,-0.3,useful
1205,29752,-0.3,useful
2232,31293,-0.3,useful
2012,30963,-0.3,useful
1996,30947,-0.3,useful
219,28281,-0.3,useful
184,28241,-0.3,useful
225,28288,-0.3,useful
226,28289,-0.3,useful
231,28295,-0.3,useful
1576,30358,-0.3,useful
2326,31434,-0.3,useful
242,28314,-0.3,useful
1435,30037,-0.3,useful
1432,30034,-0.3,useful
1564,30326,-0.3,useful
525,28772,-0.3,useful
1398,29986,-0.3,useful
1341,29915,-0.3,useful
402,28581,-0.3,useful
358,28513,-0.3,useful
1317,29886,-0.3,useful
1225,29777,-0.3,useful
326,28434,-0.3,useful
1298,29862,-0.3,useful
327,28435,-0.3,useful
3182,34230,-0.2,useful
2868,32935,-0.2,useful
489,28725,-0.2,useful
181,28238,-0.2,useful
3398,34520,-0.2,useful
478,28713,-0.2,useful
275,28362,-0.2,useful
2701,32096,-0.2,useful
3146,34101,-0.2,useful
2758,32189,-0.2,useful
228,28292,-0.2,useful
407,28587,-0.2,useful
3672,34856,-0.2,useful
450,28667,-0.2,useful
183,28240,-0.2,useful
248,28320,-0.2,useful
263,28339,-0.2,useful
3450,34577,-0.2,useful
470,28695,-0.2,useful
3032,33691,-0.2,useful
1259,29817,-0.2,useful
1193,29740,-0.2,useful
1207,29754,-0.2,useful
1221,29773,-0.2,useful
3755,34958,-0.2,useful
1647,30469,-0.2,useful
1300,29864,-0.2,useful
3300,34407,-0.2,useful
3003,33540,-0.2,useful
3290,34397,-0.2,useful
1431,30033,-0.2,useful
3301,34408,-0.2,useful
1442,30044,-0.2,useful
1450,30056,-0.2,useful
1624,30420,-0.2,useful
3004,33541,-0.2,useful
1092,29621,-0.2,useful
1617,30413,-0.2,useful
1856,30749,-0.2,useful
1063,29588,-0.2,useful
1045,29564,-0.2,useful
974,29436,-0.2,useful
2005,30956,-0.2,useful
884,29332,-0.2,useful
861,29300,-0.2,useful
2634,31982,-0.2,useful
1084,29610,-0.2,useful
182,28239,-0.2,useful
626,28904,-0.2,useful
608,28885,-0.2,useful
600,28874,-0.2,useful
3151,34106,-0.1,useful
3499,34638,-0.1,useful
3446,34572,-0.1,useful
3497,34636,-0.1,useful
3156,34111,-0.1,useful
3498,34637,-0.1,useful
3443,34569,-0.1,useful
3154,34109,-0.1,useful
3121,34056,-0.1,useful
3150,34105,-0.1,useful
3453,34581,-0.1,useful
3112,34046,-0.1,useful
3136,34090,-0.1,useful
3135,34089,-0.1,useful
3080,33965,-0.1,useful
3487,34624,-0.1,useful
3084,33986,-0.1,useful
3085,33987,-0.1,useful
3475,34612,-0.1,useful
3134,34088,-0.1,useful
3090,33992,-0.1,useful
3064,33917,-0.1,useful
3440,34566,-0.1,useful
2241,31306,-0.1,useful
3170,34166,-0.1,useful
3356,34471,-0.1,useful
3337,34447,-0.1,useful
3336,34446,-0.1,useful
3360,34476,-0.1,useful
3292,34399,-0.1,useful
3283,34389,-0.1,useful
3264,34367,-0.1,useful
3377,34495,-0.1,useful
3379,34497,-0.1,useful
3248,34338,-0.1,useful
3236,34313,-0.1,useful
3234,34311,-0.1,useful
3233,34310,-0.1,useful
3232,34309,-0.1,useful
3380,34498,-0.1,useful
3230,34306,-0.1,useful
3227,34302,-0.1,useful
3419,34543,-0.1,useful
3417,34541,-0.1,useful
3195,34261,-0.1,useful
3196,34262,-0.1,useful
133,28171,-0.1,useful
3396,34518,-0.1,useful
3167,34163,-0.1,useful
3389,34507,-0.1,useful
3214,34283,-0.1,useful
3216,34286,-0.1,useful
3385,34503,-0.1,useful
3384,34502,-0.1,useful
3223,34297,-0.1,useful
3500,34639,-0.1,useful
3386,34504,-0.1,useful
3224,34299,-0.1,useful
2866,32933,-0.1,useful
3352,34466,-0.1,useful
3582,34749,-0.1,useful
3583,34750,-0.1,useful
1307,29871,-0.1,useful
3588,34755,-0.1,useful
3592,34759,-0.1,useful
2888,33043,-0.1,useful
2887,33042,-0.1,useful
3746,34949,-0.1,useful
3632,34807,-0.1,useful
3354,34468,-0.1,useful
2861,32928,-0.1,useful
3638,34816,-0.1,useful
3741,34944,-0.1,useful
3030,33688,-0.1,useful
3642,34821,-0.1,useful
3740,34942,-0.1,useful
223,28286,-0.1,useful
962,29422,-0.1,useful
817,29228,-0.1,useful
247,28319,-0.1,useful
562,28819,-0.1,useful
302,28394,-0.1,useful
351,28503,-0.1,useful
514,28756,-0.1,useful
2651,32000,-0.1,useful
417,28597,-0.1,useful
3568,34724,-0.1,useful
2908,33072,-0.1,useful
2977,33467,-0.1,useful
2999,33536,-0.1,useful
2998,33535,-0.1,useful
2911,33075,-0.1,useful
3532,34673,-0.1,useful
2964,33419,-0.1,useful
1640,30444,-0.1,useful
3534,34675,-0.1,useful
1675,30505,-0.1,useful
3756,34960,-0.1,useful
1552,30306,-0.1,useful
3540,34683,-0.1,useful
1412,30004,-0.1,useful
3543,34687,-0.1,useful
3511,34651,-0.1,useful
3509,34649,-0.1,useful
1308,29872,-0.1,useful
3524,34665,-0.1,useful
3759,34966,-0.1,useful
3760,34967,-0.0,useful
3355,34470,-0.0,useful
3720,34918,-0.0,useful
3374,34491,0.0,useful
3757,34961,0.0,useful
3721,34919,-0.0,useful
3368,34485,-0.0,useful
3378,34496,-0.0,useful
3376,34494,0.0,useful
3369,34486,-0.0,useful
3370,34487,-0.0,useful
3371,34488,-0.0,useful
3358,34473,-0.0,useful
3381,34499,-0.0,useful
3502,34641,0.0,useful
3382,34500,-0.0,useful
3501,34640,-0.0,useful
3526,34667,-0.0,useful
3527,34668,-0.0,useful
3528,34669,0.0,useful
3529,34670,-0.0,useful
3496,34635,-0.0,useful
3476,34613,-0.0,useful
3474,34611,0.0,useful
3537,34679,-0.0,useful
3539,34682,-0.0,useful
3542,34685,0.0,useful
3559,34705,-0.0,useful
3564,34714,-0.0,useful
3702,34897,0.0,useful
3469,34605,0.0,useful
3581,34748,0.0,useful
3585,34752,0.0,useful
3607,34778,0.0,useful
3432,34556,-0.0,useful
3422,34546,-0.0,useful
3412,34534,0.0,useful
3643,34822,0.0,useful
3644,34823,0.0,useful
3660,34842,-0.0,useful
3394,34514,-0.0,useful
3663,34845,0.0,useful
3665,34847,-0.0,useful
3693,34887,-0.0,useful
3467,34603,0.0,useful
3401,34523,0.0,useful
3073,33948,0.0,useful
3342,34453,-0.0,useful
2902,33060,-0.0,useful
2903,33063,-0.0,useful
2909,33073,0.0,useful
2910,33074,0.0,useful
2912,33076,-0.0,useful
2913,33077,-0.0,useful
2914,33078,0.0,useful
2918,33155,-0.0,useful
2933,33255,0.0,useful
2891,33047,0.0,useful
2934,33256,0.0,useful
2951,33292,0.0,useful
2963,33418,-0.0,useful
2965,33420,-0.0,useful
2996,33513,0.0,useful
3000,33537,-0.0,useful
3005,33542,-0.0,useful
3018,33670,-0.0,useful
3020,33675,0.0,useful
3021,33676,-0.0,useful
2948,33282,-0.0,useful
2890,33046,-0.0,useful
2889,33045,0.0,useful
2884,33037,0.0,useful
1934,30844,-0.0,useful
3761,34971,-0.0,useful
1645,30467,-0.0,useful
1597,30384,-0.0,useful
1226,29778,0.0,useful
1196,29743,0.0,useful
1144,29680,-0.0,useful
1119,29653,0.0,useful
1037,29555,-0.0,useful
769,29172,-0.0,useful
2678,32050,0.0,useful
383,28559,0.0,useful
2760,32191,0.0,useful
293,28383,0.0,useful
273,28358,0.0,useful
2806,32303,-0.0,useful
215,28276,-0.0,useful
193,28250,0.0,useful
2859,32924,-0.0,useful
2860,32927,0.0,useful
2871,32967,0.0,useful
3022,33678,-0.0,useful
3347,34461,0.0,useful
3023,33679,0.0,useful
3033,33692,0.0,useful
3207,34276,-0.0,useful
3208,34277,-0.0,useful
3218,34288,0.0,useful
3219,34290,-0.0,useful
3221,34292,-0.0,useful
3225,34300,-0.0,useful
3231,34308,0.0,useful
3249,34339,-0.0,useful
3250,34340,0.0,useful
3206,34275,-0.0,useful
3252,34351,-0.0,useful
3278,34383,0.0,useful
3284,34391,0.0,useful
3285,34392,-0.0,useful
3287,34394,-0.0,useful
3309,34417,0.0,useful
3332,34442,-0.0,useful
3334,34444,-0.0,useful
3338,34448,-0.0,useful
3341,34452,0.0,useful
3258,34357,-0.0,useful
3203,34271,-0.0,useful
3197,34263,-0.0,useful
3193,34252,0.0,useful
3034,33746,-0.0,useful
3054,33886,0.0,useful
3060,33894,-0.0,useful
3061,33914,-0.0,useful
3078,33961,-0.0,useful
3081,33981,-0.0,useful
3082,33982,-0.0,useful
3086,33988,-0.0,useful
3088,33990,-0.0,useful
3147,34102,-0.0,useful
3148,34103,-0.0,useful
3149,34104,-0.0,useful
3153,34108,-0.0,useful
3155,34110,-0.0,useful
3160,34118,0.0,useful
3165,34157,-0.0,useful
3181,34229,0.0,useful
3183,34231,0.0,useful
3188,34238,0.0,useful
3189,34239,-0.0,useful
3192,34250,-0.0,useful
3031,33689,-0.0,useful
3762,34973,0.0,useful
